step,variant,l3,analysis,s_warn_spearman,s_warn_detectors,s_rain_spearman,s_rain_detectors,top20_overlap,speed_amber,flow_amber,speed_red,flow_red,speed_black,flow_black,slots,mae_wet,mae_wet_baseline,skill_wet,f1_severe,congested_share_severe
-,default,default,-,1.0,781,1.0,783,20,0.939992830299432,0.9298332099823311,0.9183086787061563,0.9018890227039564,0.9367278831232239,0.6200412749369411,2833384,0.057109292525003026,0.07912696953014953,0.2782575541043205,0.16756500837642946,0.03944656636209528
P1,keep valid = N,valid=keep,-,0.9989231509817944,781,0.9992851213448898,783,18,0.9395990239043448,0.9301233118027012,0.9185038429985317,0.90195287280487,0.9367320402416901,0.619718309859155,2904430,0.05708115591679729,0.07929477269049118,0.28013973708455675,0.1585098983867411,0.03981680660606481
P1,drop block if any lane N,valid=drop_block,-,1.0,781,1.0,783,20,0.939992830299432,0.929833209982331,0.9183086787061563,0.9018890227039564,0.9367278831232239,0.6200412749369411,2833384,0.05697035395752229,0.07912696953014957,0.28001344805938755,0.1614032678841137,0.03944656636209528
P2,no outlier bounds,outliers=none,-,0.9949190933701579,781,0.9946187620475476,783,20,0.9390400895976989,0.9299999999999998,0.9164634146341464,0.9017038007863696,0.9360506778660339,0.6202783300198808,2833999,0.05972385813757225,0.08219740165125504,0.2734094151665881,0.16472194234081972,0.04232186559396889
P2,bounds + robust z per lane,outliers=robust_z,-,0.9981775509890491,781,0.9983152431387347,783,17,0.9404194430568374,0.9297971918876755,0.9193225901283449,0.9011494252873565,0.9367049153282748,0.6179138321995464,2830417,0.053691489202166584,0.0756299849164616,0.2900766903302646,0.13769248400741807,0.030147566630491465
P3,keep stuck lanes,stuck=keep,-,1.0,781,1.0,783,20,0.939992830299432,0.9298332099823311,0.9183086787061563,0.9018890227039564,0.9367278831232239,0.6200412749369411,2833384,0.05702787986070387,0.07912696953014955,0.2792864405229789,0.1647012857853236,0.03944656636209528
P4,mean speed (all readings),speed_agg=mean,-,0.9141104711350511,781,0.9080793986760121,783,11,0.9545650214269484,0.93,0.9440203562340966,0.9021019852082524,0.9613278576317591,0.6201754385964913,2847670,0.04441123960848469,0.06145250204425619,0.27730786979997835,0.12433188650141694,0.01739343459088682
P4,slowest lane,speed_agg=slowest,-,0.914914644809101,781,0.9282457860705501,783,11,0.9381749230553562,0.9298332099823311,0.9147465603920859,0.9018890227039564,0.9361674894756208,0.6200412749369411,2833384,0.07376240093397074,0.09465166283511106,0.2206961956656872,0.20997810745026585,0.061927170159038314
P5,5-min slots,minutes=5,-,0.9938163238008344,781,0.9948556134097816,783,18,0.9381818181818181,0.9253731343283582,0.9171886697661635,0.8991228070175439,0.9343737960317812,0.6099290780141844,8349200,0.07025470592477848,0.0894698737910401,0.21476690479232474,0.17182810936978993,0.04872281447774985
P5,60-min slots,minutes=60,-,0.9820443161580508,776,0.9826820558978856,776,15,0.9476767479886083,0.9361344537815126,0.9210542941079116,0.9180206853730479,0.9348668874401297,0.6849039375564308,715090,0.0440898677937479,0.0708520424878499,0.3777191701804691,0.1476808905380334,0.025960587734829496
P6,no gap interpolation,gaps=none,-,1.0,781,1.0,783,20,0.939992830299432,0.929833209982331,0.9183086787061563,0.9018890227039564,0.9367278831232239,0.6200412749369411,2833384,0.05703683588030645,0.07912696953014953,0.2791732550988969,0.1605502960677942,0.03944656636209528
P7,rain: upper bound,rain_value=high,-,1.0,781,1.0,783,20,0.939992830299432,0.929833209982331,0.9183086787061563,0.9018890227039564,0.9367278831232239,0.6200412749369411,2833384,0.057408720239444315,0.07912696953014957,0.274473411779406,0.162427899547431,0.03944656636209528
P7,rain: territory max,rain_value=max,-,1.0,781,1.0,783,20,0.939992830299432,0.9298332099823311,0.9183086787061563,0.9018890227039564,0.9367278831232239,0.6200412749369411,2833384,0.06237633335033549,0.07912696953014957,0.2116931342028917,0.13692080951867427,0.03944656636209528
P8,rain: hour before,rain_lag=1,-,1.0,781,1.0,783,20,0.939992830299432,0.929833209982331,0.9183086787061563,0.9018890227039564,0.9367278831232239,0.6200412749369411,2833384,0.06066497679362221,0.07912696953014957,0.23332111473690176,0.14427107181853405,0.03944656636209528
P9,warning: any / none,default,warn_binary,1.0,781,1.0,783,20,0.939992830299432,0.9298332099823311,0.9183086787061563,0.9018890227039564,0.9367278831232239,0.6200412749369411,2833384,0.057202056794796986,0.07912696953014957,0.2770852070481302,0.15506217266972977,0.03944656636209528
P9,no warning features,default,warn_none,1.0,781,1.0,783,20,0.939992830299432,0.9298332099823311,0.9183086787061563,0.9018890227039564,0.9367278831232239,0.6200412749369411,2833384,0.0575899433855114,0.0791269695301496,0.27218312886900065,0.14352231463043225,0.03944656636209528
P10,baseline per month,baseline=month,-,0.9953455355566231,781,0.9970824661698762,783,18,0.939902700169071,0.9294219805572872,0.9186625254371067,0.9002279423408045,0.938648789061813,0.615399302353838,2790027,0.058227946106940646,0.08007692311488025,0.2728498568382123,0.15856072996470688,0.03948721560893147
P10,baseline all months,baseline=all,-,0.988696322228976,781,0.9936961291263131,783,16,0.939493747313805,0.927259931577721,0.9197286325309133,0.9043524986566361,0.9350675330958934,0.6176454103668145,2899573,0.05757098929444796,0.07996844066267272,0.28007863080265527,0.16393610485357363,0.0389541053408649
P11,keep TC signal >= 8,default,keep_tc,0.9984204081642936,781,0.995632660860446,783,19,0.94042893451752,0.9256198347107439,0.9197148930493896,0.8925553961421966,0.9367278831232239,0.6200412749369411,2891197,0.058168599589196915,0.0798575995879321,0.27159594216018446,0.15759564320265196,0.03909174425141572
