date,name,source
2021-01-01,The first day of January,python-holidays
2021-02-12,Lunar New Year's Day,python-holidays
2021-02-13,The second day of Lunar New Year,python-holidays
2021-02-15,The fourth day of Lunar New Year,python-holidays
2021-04-02,Good Friday,python-holidays
2021-04-03,The day following Good Friday,python-holidays
2021-04-04,Ching Ming Festival,python-holidays
2021-04-05,Ching Ming Festival (observed); The day following Ching Ming Festival,python-holidays
2021-04-06,The day following Easter Monday,python-holidays
2021-05-01,Labour Day,python-holidays
2021-05-19,The Birthday of the Buddha,python-holidays
2021-06-14,Tuen Ng Festival,python-holidays
2021-07-01,Hong Kong Special Administrative Region Establishment Day,python-holidays
2021-09-22,The day following the Chinese Mid-Autumn Festival,python-holidays
2021-10-01,National Day,python-holidays
2021-10-14,Chung Yeung Festival,python-holidays
2021-12-25,Christmas Day,python-holidays
2021-12-27,The first weekday after Christmas Day,python-holidays
2022-01-01,The first day of January,python-holidays
2022-02-01,Lunar New Year's Day,python-holidays
2022-02-02,The second day of Lunar New Year,python-holidays
2022-02-03,The third day of Lunar New Year,python-holidays
2022-04-05,Ching Ming Festival,python-holidays
2022-04-15,Good Friday,python-holidays
2022-04-16,The day following Good Friday,python-holidays
2022-04-18,Easter Monday,python-holidays
2022-05-01,Labour Day,python-holidays
2022-05-02,Labour Day (observed); The day following Labour Day,python-holidays
2022-05-08,The Birthday of the Buddha,python-holidays
2022-05-09,The Birthday of the Buddha (observed); The day following the Birthday of the Buddha,python-holidays
2022-06-03,Tuen Ng Festival,python-holidays
2022-07-01,Hong Kong Special Administrative Region Establishment Day,python-holidays
2022-09-12,The second day following the Chinese Mid-Autumn Festival,python-holidays
2022-10-01,National Day,python-holidays
2022-10-04,Chung Yeung Festival,python-holidays
2022-12-25,Christmas Day,python-holidays
2022-12-26,Christmas Day (observed); The first weekday after Christmas Day,python-holidays
2022-12-27,The second weekday after Christmas Day,python-holidays
2023-01-01,The first day of January,python-holidays
2023-01-02,The day following the first day of January; The first day of January (observed),python-holidays
2023-01-23,The second day of Lunar New Year,python-holidays
2023-01-24,The third day of Lunar New Year,python-holidays
2023-01-25,The fourth day of Lunar New Year,python-holidays
2023-04-05,Ching Ming Festival,python-holidays
2023-04-07,Good Friday,python-holidays
2023-04-08,The day following Good Friday,python-holidays
2023-04-10,Easter Monday,python-holidays
2023-05-01,Labour Day,python-holidays
2023-05-26,The Birthday of the Buddha,python-holidays
2023-06-22,Tuen Ng Festival,python-holidays
2023-07-01,Hong Kong Special Administrative Region Establishment Day,python-holidays
2023-09-30,The day following the Chinese Mid-Autumn Festival,python-holidays
2023-10-01,National Day,python-holidays
2023-10-02,National Day (observed),python-holidays
2023-10-03,The day following National Day,python-holidays
2023-10-23,Chung Yeung Festival,python-holidays
2023-12-25,Christmas Day,python-holidays
2023-12-26,The first weekday after Christmas Day,python-holidays
2024-01-01,The first day of January,python-holidays
2024-02-10,Lunar New Year's Day,python-holidays
2024-02-12,The third day of Lunar New Year,python-holidays
2024-02-13,The fourth day of Lunar New Year,python-holidays
2024-03-29,Good Friday,python-holidays
2024-03-30,The day following Good Friday,python-holidays
2024-04-01,Easter Monday,python-holidays
2024-04-04,Ching Ming Festival,python-holidays
2024-05-01,Labour Day,python-holidays
2024-05-15,The Birthday of the Buddha,python-holidays
2024-06-10,Tuen Ng Festival,python-holidays
2024-07-01,Hong Kong Special Administrative Region Establishment Day,python-holidays
2024-09-18,The day following the Chinese Mid-Autumn Festival,python-holidays
2024-10-01,National Day,python-holidays
2024-10-11,Chung Yeung Festival,python-holidays
2024-12-25,Christmas Day,python-holidays
2024-12-26,The first weekday after Christmas Day,python-holidays
2025-01-01,The first day of January,1823.gov.hk
2025-01-29,Lunar New Year’s Day,1823.gov.hk
2025-01-30,The second day of Lunar New Year,1823.gov.hk
2025-01-31,The third day of Lunar New Year,1823.gov.hk
2025-04-04,Ching Ming Festival,1823.gov.hk
2025-04-18,Good Friday,1823.gov.hk
2025-04-19,The day following Good Friday,1823.gov.hk
2025-04-21,Easter Monday,1823.gov.hk
2025-05-01,Labour Day,1823.gov.hk
2025-05-05,The Birthday of the Buddha,1823.gov.hk
2025-05-31,Tuen Ng Festival,1823.gov.hk
2025-07-01,Hong Kong Special Administrative Region Establishment Day,1823.gov.hk
2025-10-01,National Day,1823.gov.hk
2025-10-07,The day following the Chinese Mid-Autumn Festival,1823.gov.hk
2025-10-29,Chung Yeung Festival,1823.gov.hk
2025-12-25,Christmas Day,1823.gov.hk
2025-12-26,The first weekday after Christmas Day,1823.gov.hk
2026-01-01,The first day of January,1823.gov.hk
2026-02-17,Lunar New Year’s Day,1823.gov.hk
2026-02-18,The second day of Lunar New Year,1823.gov.hk
2026-02-19,The third day of Lunar New Year,1823.gov.hk
2026-04-03,Good Friday,1823.gov.hk
2026-04-04,The day following Good Friday,1823.gov.hk
2026-04-06,The day following Ching Ming Festival,1823.gov.hk
2026-04-07,The day following Easter Monday,1823.gov.hk
2026-05-01,Labour Day,1823.gov.hk
2026-05-25,The day following the Birthday of the Buddha,1823.gov.hk
2026-06-19,Tuen Ng Festival,1823.gov.hk
2026-07-01,Hong Kong Special Administrative Region Establishment Day,1823.gov.hk
2026-09-26,The day following the Chinese Mid-Autumn Festival,1823.gov.hk
2026-10-01,National Day,1823.gov.hk
2026-10-19,The day following Chung Yeung Festival,1823.gov.hk
2026-12-25,Christmas Day,1823.gov.hk
2026-12-26,The first weekday after Christmas Day,1823.gov.hk
2027-01-01,The first day of January,1823.gov.hk
2027-02-06,Lunar New Year's Day,1823.gov.hk
2027-02-08,The third day of Lunar New Year,1823.gov.hk
2027-02-09,The fourth day of Lunar New Year,1823.gov.hk
2027-03-26,Good Friday,1823.gov.hk
2027-03-27,The day following Good Friday,1823.gov.hk
2027-03-29,Easter Monday,1823.gov.hk
2027-04-05,Ching Ming Festival,1823.gov.hk
2027-05-01,Labour Day,1823.gov.hk
2027-05-13,The Birthday of the Buddha,1823.gov.hk
2027-06-09,Tuen Ng Festival,1823.gov.hk
2027-07-01,Hong Kong Special Administrative Region Establishment Day,1823.gov.hk
2027-09-16,The day following the Chinese Mid-Autumn Festival,1823.gov.hk
2027-10-01,National Day,1823.gov.hk
2027-10-08,Chung Yeung Festival,1823.gov.hk
2027-12-25,Christmas Day,1823.gov.hk
2027-12-27,The first weekday after Christmas Day,1823.gov.hk
