signal,start,end,duration_min
Amber,1998-04-12 05:15:00,1998-04-12 08:00:00,165.0
Amber,1998-04-26 21:15:00,1998-04-26 21:50:00,35.0
Red,1998-04-26 21:50:00,1998-04-27 04:00:00,370.0
Amber,1998-04-27 04:00:00,1998-04-27 05:45:00,105.0
Amber,1998-05-02 16:20:00,1998-05-02 17:50:00,90.0
Red,1998-05-02 17:50:00,1998-05-02 20:00:00,130.0
Amber,1998-05-15 08:40:00,1998-05-15 13:10:00,270.0
Amber,1998-05-24 08:15:00,1998-05-24 12:45:00,270.0
Red,1998-05-24 12:45:00,1998-05-24 15:45:00,180.0
Amber,1998-06-04 05:00:00,1998-06-04 08:15:00,195.0
Amber,1998-06-04 19:00:00,1998-06-04 22:15:00,195.0
Amber,1998-06-09 02:45:00,1998-06-09 04:40:00,115.0
Red,1998-06-09 04:40:00,1998-06-09 06:35:00,115.0
Black,1998-06-09 06:35:00,1998-06-09 09:50:00,195.0
Red,1998-06-09 09:50:00,1998-06-09 21:00:00,670.0
Amber,1998-06-10 04:00:00,1998-06-10 11:30:00,450.0
Amber,1998-06-11 05:25:00,1998-06-11 08:20:00,175.0
Amber,1998-06-23 14:50:00,1998-06-23 19:50:00,300.0
Amber,1998-07-02 16:00:00,1998-07-02 18:20:00,140.0
Amber,1998-07-03 10:00:00,1998-07-03 15:00:00,300.0
Amber,1998-07-04 08:00:00,1998-07-04 11:15:00,195.0
Amber,1998-07-04 17:40:00,1998-07-04 20:45:00,185.0
Amber,1998-07-13 04:25:00,1998-07-13 06:45:00,140.0
Amber,1998-08-07 05:40:00,1998-08-07 08:30:00,170.0
Amber,1998-08-28 15:10:00,1998-08-28 17:20:00,130.0
Amber,1998-08-30 22:20:00,1998-08-31 06:45:00,505.0
Amber,1998-09-01 11:45:00,1998-09-01 13:30:00,105.0
Amber,1998-09-06 15:45:00,1998-09-06 17:45:00,120.0
Amber,1999-04-12 01:15:00,1999-04-12 08:00:00,405.0
Amber,1999-05-19 04:40:00,1999-05-19 13:45:00,545.0
Amber,1999-06-07 03:20:00,1999-06-07 10:35:00,435.0
Amber,1999-06-17 08:40:00,1999-06-17 10:30:00,110.0
Amber,1999-06-20 11:20:00,1999-06-20 13:50:00,150.0
Amber,1999-06-21 09:00:00,1999-06-21 10:40:00,100.0
Amber,1999-07-08 10:30:00,1999-07-08 11:45:00,75.0
Amber,1999-07-09 11:20:00,1999-07-09 13:45:00,145.0
Amber,1999-08-04 07:35:00,1999-08-04 09:40:00,125.0
Amber,1999-08-05 18:25:00,1999-08-05 21:30:00,185.0
Amber,1999-08-10 05:00:00,1999-08-10 07:00:00,120.0
Amber,1999-08-11 17:35:00,1999-08-11 19:25:00,110.0
Amber,1999-08-22 13:55:00,1999-08-23 05:25:00,930.0
Red,1999-08-23 05:25:00,1999-08-23 06:13:00,48.0
Black,1999-08-23 06:13:00,1999-08-23 12:00:00,347.0
Amber,1999-08-23 12:00:00,1999-08-23 19:00:00,420.0
Amber,1999-08-24 02:05:00,1999-08-24 03:00:00,55.0
Red,1999-08-24 03:00:00,1999-08-24 04:35:00,95.0
Black,1999-08-24 04:35:00,1999-08-24 10:00:00,325.0
Red,1999-08-24 10:00:00,1999-08-24 12:00:00,120.0
Amber,1999-08-25 03:30:00,1999-08-25 04:05:00,35.0
Red,1999-08-25 04:05:00,1999-08-25 05:45:00,100.0
Amber,1999-08-25 05:45:00,1999-08-25 16:00:00,615.0
Amber,1999-09-16 04:50:00,1999-09-16 05:27:00,37.0
Red,1999-09-16 05:27:00,1999-09-16 18:40:00,793.0
Amber,1999-09-26 09:55:00,1999-09-26 13:20:00,205.0
Amber,1999-10-16 06:30:00,1999-10-16 08:35:00,125.0
Amber,2000-04-02 22:15:00,2000-04-03 00:00:00,105.0
Red,2000-04-03 00:00:00,2000-04-03 05:50:00,350.0
Amber,2000-04-03 05:50:00,2000-04-03 07:30:00,100.0
Amber,2000-04-03 20:05:00,2000-04-03 22:30:00,145.0
Amber,2000-04-14 03:00:00,2000-04-14 05:35:00,155.0
Red,2000-04-14 05:35:00,2000-04-14 10:55:00,320.0
Amber,2000-04-14 10:55:00,2000-04-14 14:05:00,190.0
Red,2000-04-14 14:05:00,2000-04-14 16:20:00,135.0
Amber,2000-04-22 23:40:00,2000-04-23 01:10:00,90.0
Red,2000-04-23 01:10:00,2000-04-23 01:50:00,40.0
Black,2000-04-23 01:50:00,2000-04-23 05:55:00,245.0
Amber,2000-04-23 05:55:00,2000-04-23 10:15:00,260.0
Amber,2000-04-26 16:55:00,2000-04-26 20:30:00,215.0
Amber,2000-04-28 15:25:00,2000-04-28 21:00:00,335.0
Amber,2000-05-02 05:40:00,2000-05-02 11:30:00,350.0
Amber,2000-05-02 20:15:00,2000-05-02 22:00:00,105.0
Amber,2000-05-10 12:38:00,2000-05-10 15:30:00,172.0
Amber,2000-05-25 01:10:00,2000-05-25 03:50:00,160.0
Amber,2000-06-12 03:00:00,2000-06-12 05:30:00,150.0
Red,2000-06-12 05:30:00,2000-06-12 06:20:00,50.0
Black,2000-06-12 06:20:00,2000-06-12 08:50:00,150.0
Amber,2000-06-12 08:50:00,2000-06-12 09:35:00,45.0
Amber,2000-06-18 06:20:00,2000-06-18 11:10:00,290.0
Amber,2000-06-20 06:40:00,2000-06-20 09:15:00,155.0
Amber,2000-07-18 05:05:00,2000-07-18 13:50:00,525.0
Amber,2000-07-19 12:55:00,2000-07-19 14:00:00,65.0
Amber,2000-08-01 10:40:00,2000-08-01 12:00:00,80.0
Amber,2000-08-02 05:45:00,2000-08-02 10:05:00,260.0
Amber,2000-08-03 05:40:00,2000-08-03 08:30:00,170.0
Amber,2000-08-03 11:15:00,2000-08-03 13:30:00,135.0
Amber,2000-08-04 07:35:00,2000-08-04 11:15:00,220.0
Amber,2000-08-04 14:40:00,2000-08-04 16:00:00,80.0
Amber,2000-08-06 08:35:00,2000-08-06 10:50:00,135.0
Amber,2000-08-24 00:25:00,2000-08-24 01:36:00,71.0
Red,2000-08-24 01:36:00,2000-08-24 03:05:00,89.0
Black,2000-08-24 03:05:00,2000-08-24 05:55:00,170.0
Amber,2000-08-24 13:50:00,2000-08-24 18:30:00,280.0
Amber,2000-08-26 11:20:00,2000-08-26 14:00:00,160.0
Amber,2000-08-27 14:00:00,2000-08-27 17:45:00,225.0
Amber,2000-09-02 08:25:00,2000-09-02 13:45:00,320.0
Amber,2001-03-25 13:25:00,2001-03-25 15:15:00,110.0
Amber,2001-04-09 17:35:00,2001-04-09 19:05:00,90.0
Amber,2001-05-09 15:35:00,2001-05-09 17:30:00,115.0
Amber,2001-05-18 09:20:00,2001-05-18 14:45:00,325.0
Amber,2001-05-21 17:35:00,2001-05-21 21:00:00,205.0
Amber,2001-05-30 16:05:00,2001-05-30 19:30:00,205.0
Amber,2001-06-05 18:05:00,2001-06-06 11:30:00,1045.0
Amber,2001-06-07 05:00:00,2001-06-07 22:05:00,1025.0
Amber,2001-06-08 04:25:00,2001-06-08 08:20:00,235.0
Red,2001-06-08 08:20:00,2001-06-08 14:15:00,355.0
Amber,2001-06-08 14:15:00,2001-06-08 16:30:00,135.0
Amber,2001-06-09 04:15:00,2001-06-09 09:30:00,315.0
Red,2001-06-09 09:30:00,2001-06-09 13:30:00,240.0
Amber,2001-06-09 13:30:00,2001-06-09 15:30:00,120.0
Amber,2001-06-10 08:20:00,2001-06-10 13:30:00,310.0
Amber,2001-06-11 07:20:00,2001-06-11 10:35:00,195.0
Red,2001-06-11 10:35:00,2001-06-11 13:30:00,175.0
Amber,2001-06-11 13:30:00,2001-06-11 15:15:00,105.0
Amber,2001-06-12 02:35:00,2001-06-12 04:35:00,120.0
Red,2001-06-12 04:35:00,2001-06-12 06:15:00,100.0
Amber,2001-06-12 06:15:00,2001-06-12 15:00:00,525.0
Amber,2001-06-13 05:35:00,2001-06-13 10:30:00,295.0
Amber,2001-06-23 20:35:00,2001-06-24 06:30:00,595.0
Amber,2001-06-25 18:05:00,2001-06-25 23:00:00,295.0
Amber,2001-06-26 15:00:00,2001-06-26 18:15:00,195.0
Amber,2001-06-27 08:45:00,2001-06-27 14:35:00,350.0
Red,2001-06-27 14:35:00,2001-06-27 19:55:00,320.0
Amber,2001-06-27 19:55:00,2001-06-27 22:05:00,130.0
Amber,2001-07-06 12:30:00,2001-07-07 00:30:00,720.0
Amber,2001-07-13 01:30:00,2001-07-13 04:15:00,165.0
Amber,2001-07-15 14:45:00,2001-07-15 20:00:00,315.0
Amber,2001-07-17 13:40:00,2001-07-17 18:00:00,260.0
Amber,2001-07-18 06:10:00,2001-07-18 08:45:00,155.0
Amber,2001-07-21 03:15:00,2001-07-21 06:25:00,190.0
Amber,2001-08-01 15:30:00,2001-08-01 17:00:00,90.0
Amber,2001-08-02 18:45:00,2001-08-02 19:45:00,60.0
Red,2001-08-02 19:45:00,2001-08-02 21:45:00,120.0
Amber,2001-08-12 22:10:00,2001-08-12 23:45:00,95.0
Amber,2001-08-27 22:15:00,2001-08-28 00:05:00,110.0
Amber,2001-08-30 12:55:00,2001-08-30 17:20:00,265.0
Amber,2001-09-01 05:20:00,2001-09-01 10:00:00,280.0
Amber,2001-09-01 17:30:00,2001-09-01 22:05:00,275.0
Red,2001-09-01 22:05:00,2001-09-01 22:45:00,40.0
Black,2001-09-01 22:45:00,2001-09-02 03:15:00,270.0
Amber,2001-09-03 02:40:00,2001-09-03 10:15:00,455.0
Red,2001-09-03 10:15:00,2001-09-03 12:15:00,120.0
Amber,2001-09-03 12:15:00,2001-09-03 14:40:00,145.0
Amber,2001-09-05 06:00:00,2001-09-05 12:00:00,360.0
Amber,2001-09-07 15:10:00,2001-09-07 15:45:00,35.0
Red,2001-09-07 15:45:00,2001-09-07 20:30:00,285.0
Amber,2002-03-23 06:00:00,2002-03-23 11:30:00,330.0
Amber,2002-05-10 06:45:00,2002-05-10 07:45:00,60.0
Amber,2002-05-11 04:20:00,2002-05-11 06:00:00,100.0
Amber,2002-05-20 20:40:00,2002-05-21 00:10:00,210.0
Amber,2002-05-22 21:50:00,2002-05-23 01:20:00,210.0
Amber,2002-06-11 06:25:00,2002-06-11 12:15:00,350.0
Amber,2002-07-17 02:20:00,2002-07-17 04:30:00,130.0
Amber,2002-07-17 06:55:00,2002-07-17 08:40:00,105.0
Amber,2002-07-29 12:55:00,2002-07-29 13:55:00,60.0
Amber,2002-08-06 06:10:00,2002-08-06 11:35:00,325.0
Amber,2002-08-09 07:20:00,2002-08-09 11:15:00,235.0
Amber,2002-08-09 14:35:00,2002-08-09 17:55:00,200.0
Amber,2002-08-10 04:35:00,2002-08-10 06:50:00,135.0
Amber,2002-08-10 11:30:00,2002-08-10 13:30:00,120.0
Amber,2002-09-14 21:10:00,2002-09-15 03:30:00,380.0
Red,2002-09-15 03:30:00,2002-09-15 06:15:00,165.0
Amber,2002-09-15 06:15:00,2002-09-15 09:55:00,220.0
Amber,2002-09-16 23:30:00,2002-09-17 04:30:00,300.0
Amber,2002-09-17 18:05:00,2002-09-17 21:00:00,175.0
Amber,2002-10-18 09:57:00,2002-10-18 10:35:00,38.0
Red,2002-10-18 10:35:00,2002-10-18 13:20:00,165.0
Amber,2002-10-21 04:20:00,2002-10-21 07:10:00,170.0
Amber,2003-04-08 20:40:00,2003-04-09 00:30:00,230.0
Amber,2003-05-04 18:55:00,2003-05-04 20:20:00,85.0
Amber,2003-05-05 01:45:00,2003-05-05 04:45:00,180.0
Red,2003-05-05 04:45:00,2003-05-05 14:10:00,565.0
Amber,2003-05-05 14:10:00,2003-05-05 15:20:00,70.0
Amber,2003-05-05 22:20:00,2003-05-05 23:30:00,70.0
Amber,2003-05-18 05:05:00,2003-05-18 06:20:00,75.0
Amber,2003-06-09 09:05:00,2003-06-09 16:30:00,445.0
Amber,2003-06-10 08:45:00,2003-06-10 10:40:00,115.0
Amber,2003-06-10 20:20:00,2003-06-10 22:05:00,105.0
Amber,2003-06-10 23:30:00,2003-06-11 14:20:00,890.0
Amber,2003-06-13 16:10:00,2003-06-13 18:10:00,120.0
Amber,2003-06-14 09:00:00,2003-06-14 10:45:00,105.0
Amber,2003-08-04 19:15:00,2003-08-04 23:00:00,225.0
Amber,2003-08-17 01:25:00,2003-08-17 05:00:00,215.0
Amber,2003-08-22 03:00:00,2003-08-22 05:00:00,120.0
Amber,2003-08-24 04:20:00,2003-08-24 05:30:00,70.0
Amber,2003-09-02 21:05:00,2003-09-03 05:00:00,475.0
Amber,2004-03-30 23:05:00,2004-03-31 00:45:00,100.0
Amber,2004-04-14 03:35:00,2004-04-14 07:25:00,230.0
Amber,2004-04-17 17:55:00,2004-04-17 19:35:00,100.0
Amber,2004-04-27 06:40:00,2004-04-27 07:55:00,75.0
Amber,2004-05-08 04:10:00,2004-05-08 06:40:00,150.0
Red,2004-05-08 06:40:00,2004-05-08 07:20:00,40.0
Black,2004-05-08 07:20:00,2004-05-08 08:00:00,40.0
Red,2004-05-08 08:00:00,2004-05-08 10:15:00,135.0
Amber,2004-05-08 10:15:00,2004-05-08 11:00:00,45.0
Amber,2004-05-14 09:55:00,2004-05-14 11:30:00,95.0
Amber,2004-07-16 17:00:00,2004-07-16 18:50:00,110.0
Amber,2004-07-17 02:20:00,2004-07-17 03:30:00,70.0
Amber,2004-07-21 09:55:00,2004-07-21 10:35:00,40.0
Amber,2004-07-29 02:40:00,2004-07-29 10:45:00,485.0
Amber,2004-08-06 04:50:00,2004-08-06 08:45:00,235.0
Amber,2004-08-14 06:36:00,2004-08-14 07:20:00,44.0
Amber,2004-08-29 06:14:00,2004-08-29 11:55:00,341.0
Amber,2004-08-29 14:40:00,2004-08-29 16:15:00,95.0
Amber,2004-09-21 20:25:00,2004-09-21 21:30:00,65.0
Amber,2005-05-08 10:35:00,2005-05-08 14:00:00,205.0
Amber,2005-05-09 12:10:00,2005-05-09 14:20:00,130.0
Amber,2005-05-10 02:35:00,2005-05-10 05:00:00,145.0
Amber,2005-05-10 11:15:00,2005-05-10 12:30:00,75.0
Amber,2005-05-18 22:50:00,2005-05-19 00:30:00,100.0
Amber,2005-05-20 19:30:00,2005-05-20 22:00:00,150.0
Amber,2005-05-27 18:35:00,2005-05-27 20:35:00,120.0
Amber,2005-06-15 16:00:00,2005-06-15 23:15:00,435.0
Amber,2005-06-21 09:10:00,2005-06-21 14:40:00,330.0
Amber,2005-06-24 01:30:00,2005-06-24 10:00:00,510.0
Red,2005-06-24 10:00:00,2005-06-24 13:30:00,210.0
Amber,2005-07-19 02:05:00,2005-07-19 03:15:00,70.0
Amber,2005-07-20 23:00:00,2005-07-21 01:35:00,155.0
Amber,2005-08-13 11:40:00,2005-08-13 13:15:00,95.0
Amber,2005-08-13 20:45:00,2005-08-14 00:20:00,215.0
Amber,2005-08-19 19:25:00,2005-08-20 00:55:00,330.0
Amber,2005-08-20 08:35:00,2005-08-20 21:10:00,755.0
Amber,2006-04-24 01:15:00,2006-04-24 01:40:00,25.0
Red,2006-04-24 01:40:00,2006-04-24 02:30:00,50.0
Black,2006-04-24 02:30:00,2006-04-24 04:30:00,120.0
Red,2006-04-24 04:30:00,2006-04-24 05:30:00,60.0
Amber,2006-04-24 05:30:00,2006-04-24 07:45:00,135.0
Amber,2006-04-28 04:40:00,2006-04-28 10:15:00,335.0
Amber,2006-05-02 21:10:00,2006-05-02 21:55:00,45.0
Red,2006-05-02 21:55:00,2006-05-03 03:45:00,350.0
Amber,2006-05-03 03:45:00,2006-05-03 07:10:00,205.0
Amber,2006-06-02 10:35:00,2006-06-02 10:55:00,20.0
Red,2006-06-02 10:55:00,2006-06-02 14:45:00,230.0
Amber,2006-06-02 14:45:00,2006-06-02 15:30:00,45.0
Amber,2006-06-09 02:00:00,2006-06-09 03:00:00,60.0
Amber,2006-06-09 10:25:00,2006-06-09 10:55:00,30.0
Red,2006-06-09 10:55:00,2006-06-09 11:15:00,20.0
Black,2006-06-09 11:15:00,2006-06-09 13:30:00,135.0
Red,2006-06-09 13:30:00,2006-06-09 14:20:00,50.0
Amber,2006-06-09 14:20:00,2006-06-09 15:20:00,60.0
Amber,2006-06-09 20:40:00,2006-06-09 22:30:00,110.0
Amber,2006-06-13 03:35:00,2006-06-13 04:15:00,40.0
Red,2006-06-13 04:15:00,2006-06-13 05:35:00,80.0
Amber,2006-07-08 09:00:00,2006-07-08 11:10:00,130.0
Amber,2006-07-16 02:10:00,2006-07-16 02:35:00,25.0
Red,2006-07-16 02:35:00,2006-07-16 02:50:00,15.0
Black,2006-07-16 02:50:00,2006-07-16 05:00:00,130.0
Red,2006-07-16 05:00:00,2006-07-16 05:45:00,45.0
Amber,2006-07-16 05:45:00,2006-07-16 07:45:00,120.0
Amber,2006-07-27 05:25:00,2006-07-27 09:20:00,235.0
Amber,2006-07-28 03:25:00,2006-07-28 10:00:00,395.0
Amber,2006-08-10 00:10:00,2006-08-10 01:40:00,90.0
Amber,2006-08-19 00:20:00,2006-08-19 01:40:00,80.0
Amber,2006-09-09 13:05:00,2006-09-09 13:45:00,40.0
Red,2006-09-09 13:45:00,2006-09-09 15:30:00,105.0
Amber,2006-09-09 15:30:00,2006-09-09 16:15:00,45.0
Amber,2006-09-13 07:50:00,2006-09-13 09:30:00,100.0
Red,2006-09-13 09:30:00,2006-09-13 12:15:00,165.0
Amber,2006-09-13 12:15:00,2006-09-13 13:45:00,90.0
Amber,2006-09-13 17:40:00,2006-09-13 23:15:00,335.0
Amber,2006-11-21 15:30:00,2006-11-21 20:25:00,295.0
Amber,2007-04-24 10:15:00,2007-04-24 10:40:00,25.0
Red,2007-04-24 10:40:00,2007-04-24 12:30:00,110.0
Amber,2007-04-24 12:30:00,2007-04-24 13:20:00,50.0
Amber,2007-05-19 16:30:00,2007-05-19 18:30:00,120.0
Amber,2007-05-20 07:10:00,2007-05-20 11:55:00,285.0
Amber,2007-05-27 04:35:00,2007-05-27 05:35:00,60.0
Amber,2007-05-27 14:45:00,2007-05-27 16:00:00,75.0
Amber,2007-06-10 02:45:00,2007-06-10 03:25:00,40.0
Red,2007-06-10 03:25:00,2007-06-10 04:55:00,90.0
Amber,2007-06-10 04:55:00,2007-06-10 08:30:00,215.0
Amber,2007-06-28 09:00:00,2007-06-28 10:30:00,90.0
Amber,2007-06-29 05:40:00,2007-06-29 06:25:00,45.0
Amber,2007-08-06 03:55:00,2007-08-06 05:30:00,95.0
Amber,2007-08-22 10:00:00,2007-08-22 11:00:00,60.0
Amber,2008-04-19 16:40:00,2008-04-19 17:10:00,30.0
Red,2008-04-19 17:10:00,2008-04-19 19:15:00,125.0
Black,2008-04-19 19:15:00,2008-04-19 21:30:00,135.0
Amber,2008-05-29 09:05:00,2008-05-29 11:40:00,155.0
Amber,2008-06-03 18:35:00,2008-06-03 20:10:00,95.0
Amber,2008-06-06 13:20:00,2008-06-06 16:10:00,170.0
Amber,2008-06-07 05:15:00,2008-06-07 05:55:00,40.0
Red,2008-06-07 05:55:00,2008-06-07 06:40:00,45.0
Black,2008-06-07 06:40:00,2008-06-07 11:00:00,260.0
Red,2008-06-07 11:00:00,2008-06-07 11:30:00,30.0
Amber,2008-06-07 11:30:00,2008-06-07 13:30:00,120.0
Amber,2008-06-13 21:40:00,2008-06-13 22:15:00,35.0
Red,2008-06-13 22:15:00,2008-06-14 02:50:00,275.0
Amber,2008-06-14 02:50:00,2008-06-14 04:10:00,80.0
Amber,2008-06-25 05:15:00,2008-06-25 06:00:00,45.0
Red,2008-06-25 06:00:00,2008-06-25 10:10:00,250.0
Amber,2008-06-25 10:10:00,2008-06-25 12:20:00,130.0
Amber,2008-06-26 08:30:00,2008-06-26 08:50:00,20.0
Red,2008-06-26 08:50:00,2008-06-26 10:00:00,70.0
Amber,2008-07-06 17:35:00,2008-07-06 19:20:00,105.0
Amber,2008-07-08 09:15:00,2008-07-08 10:45:00,90.0
Amber,2008-07-10 06:35:00,2008-07-10 11:15:00,280.0
Amber,2008-07-12 02:15:00,2008-07-12 03:00:00,45.0
Red,2008-07-12 03:00:00,2008-07-12 07:10:00,250.0
Amber,2008-07-12 07:10:00,2008-07-12 07:45:00,35.0
Amber,2008-07-14 23:25:00,2008-07-15 01:30:00,125.0
Amber,2008-08-08 07:15:00,2008-08-08 09:05:00,110.0
Amber,2008-09-24 11:05:00,2008-09-24 16:20:00,315.0
Amber,2008-10-05 08:50:00,2008-10-05 11:30:00,160.0
Amber,2008-10-05 18:15:00,2008-10-05 20:40:00,145.0
Amber,2009-03-05 14:00:00,2009-03-05 15:00:00,60.0
Amber,2009-03-05 16:10:00,2009-03-05 17:10:00,60.0
Amber,2009-03-24 08:20:00,2009-03-24 09:30:00,70.0
Amber,2009-04-16 02:05:00,2009-04-16 03:25:00,80.0
Amber,2009-04-25 10:20:00,2009-04-25 12:40:00,140.0
Amber,2009-05-21 05:50:00,2009-05-21 08:30:00,160.0
Amber,2009-05-23 16:45:00,2009-05-23 19:00:00,135.0
Amber,2009-05-24 13:05:00,2009-05-24 15:00:00,115.0
Amber,2009-06-04 00:20:00,2009-06-04 01:10:00,50.0
Red,2009-06-04 01:10:00,2009-06-04 02:10:00,60.0
Amber,2009-06-04 02:10:00,2009-06-04 03:35:00,85.0
Amber,2009-06-11 06:15:00,2009-06-11 08:40:00,145.0
Amber,2009-06-12 10:25:00,2009-06-12 11:45:00,80.0
Amber,2009-07-06 01:05:00,2009-07-06 04:20:00,195.0
Amber,2009-07-19 01:45:00,2009-07-19 02:25:00,40.0
Red,2009-07-19 02:25:00,2009-07-19 05:30:00,185.0
Amber,2009-08-05 20:40:00,2009-08-05 23:00:00,140.0
Amber,2009-08-11 07:10:00,2009-08-11 08:15:00,65.0
Amber,2009-09-13 19:15:00,2009-09-13 20:30:00,75.0
Amber,2009-09-15 03:55:00,2009-09-15 10:20:00,385.0
Amber,2009-09-15 17:55:00,2009-09-15 19:45:00,110.0
Amber,2009-09-30 17:20:00,2009-09-30 20:00:00,160.0
Amber,2010-05-07 06:35:00,2010-05-07 08:25:00,110.0
Amber,2010-05-19 15:35:00,2010-05-19 18:10:00,155.0
Amber,2010-06-10 05:10:00,2010-06-10 06:25:00,75.0
Amber,2010-06-26 03:58:00,2010-06-26 05:30:00,92.0
Amber,2010-06-27 12:50:00,2010-06-27 13:55:00,65.0
Amber,2010-06-28 12:45:00,2010-06-28 14:50:00,125.0
Amber,2010-07-22 16:35:00,2010-07-22 17:20:00,45.0
Red,2010-07-22 17:20:00,2010-07-22 17:30:00,10.0
Black,2010-07-22 17:30:00,2010-07-22 19:50:00,140.0
Amber,2010-07-22 19:50:00,2010-07-22 21:00:00,70.0
Amber,2010-07-28 14:30:00,2010-07-28 15:15:00,45.0
Red,2010-07-28 15:15:00,2010-07-28 15:35:00,20.0
Black,2010-07-28 15:35:00,2010-07-28 17:00:00,85.0
Red,2010-07-28 17:00:00,2010-07-28 18:10:00,70.0
Amber,2010-08-05 18:45:00,2010-08-05 19:05:00,20.0
Red,2010-08-05 19:05:00,2010-08-05 20:05:00,60.0
Amber,2010-08-28 14:15:00,2010-08-28 15:50:00,95.0
Amber,2010-09-05 07:25:00,2010-09-05 08:25:00,60.0
Amber,2010-09-09 00:10:00,2010-09-09 00:40:00,30.0
Red,2010-09-09 00:40:00,2010-09-09 01:45:00,65.0
Amber,2010-09-10 22:10:00,2010-09-10 23:25:00,75.0
Red,2010-09-10 23:25:00,2010-09-11 00:40:00,75.0
Amber,2010-09-20 20:05:00,2010-09-20 21:50:00,105.0
Amber,2010-09-21 01:55:00,2010-09-21 02:40:00,45.0
Red,2010-09-21 02:40:00,2010-09-21 04:55:00,135.0
Amber,2010-09-21 04:55:00,2010-09-21 05:25:00,30.0
Amber,2011-04-17 15:55:00,2011-04-17 17:00:00,65.0
Amber,2011-05-13 05:30:00,2011-05-13 08:00:00,150.0
Amber,2011-05-22 10:45:00,2011-05-22 11:10:00,25.0
Red,2011-05-22 11:10:00,2011-05-22 14:45:00,215.0
Amber,2011-05-22 20:45:00,2011-05-22 21:55:00,70.0
Red,2011-05-22 21:55:00,2011-05-22 23:25:00,90.0
Amber,2011-05-22 23:25:00,2011-05-23 00:25:00,60.0
Amber,2011-06-11 17:50:00,2011-06-11 20:05:00,135.0
Amber,2011-06-12 06:15:00,2011-06-12 09:20:00,185.0
Amber,2011-06-16 08:45:00,2011-06-16 11:45:00,180.0
Amber,2011-06-17 02:50:00,2011-06-17 04:00:00,70.0
Amber,2011-06-28 14:25:00,2011-06-28 16:05:00,100.0
Amber,2011-06-29 13:35:00,2011-06-29 15:20:00,105.0
Amber,2011-07-16 00:30:00,2011-07-16 02:50:00,140.0
Amber,2011-08-10 13:40:00,2011-08-10 15:30:00,110.0
Amber,2011-09-19 18:15:00,2011-09-19 19:30:00,75.0
Amber,2012-04-16 16:40:00,2012-04-16 19:10:00,150.0
Amber,2012-04-20 10:55:00,2012-04-20 12:20:00,85.0
Amber,2012-04-27 15:20:00,2012-04-27 17:30:00,130.0
Amber,2012-04-29 06:10:00,2012-04-29 08:30:00,140.0
Red,2012-04-29 08:30:00,2012-04-29 10:10:00,100.0
Amber,2012-05-04 21:20:00,2012-05-04 23:55:00,155.0
Amber,2012-05-18 08:55:00,2012-05-18 10:45:00,110.0
Amber,2012-05-26 11:05:00,2012-05-26 12:50:00,105.0
Amber,2012-05-28 02:40:00,2012-05-28 04:35:00,115.0
Amber,2012-06-13 15:15:00,2012-06-13 16:40:00,85.0
Amber,2012-07-05 09:20:00,2012-07-05 10:20:00,60.0
Amber,2012-07-18 06:10:00,2012-07-18 08:20:00,130.0
Amber,2012-07-21 17:35:00,2012-07-21 18:40:00,65.0
Amber,2012-07-24 01:55:00,2012-07-24 10:40:00,525.0
Amber,2012-07-25 11:30:00,2012-07-25 14:20:00,170.0
Amber,2012-07-27 11:00:00,2012-07-27 12:30:00,90.0
Amber,2012-07-31 17:10:00,2012-07-31 18:35:00,85.0
Amber,2012-08-11 06:40:00,2012-08-11 08:25:00,105.0
Amber,2012-09-24 13:20:00,2012-09-24 14:20:00,60.0
Amber,2012-09-24 20:40:00,2012-09-24 21:50:00,70.0
Red,2012-09-24 21:50:00,2012-09-25 00:50:00,180.0
Amber,2013-03-19 15:50:00,2013-03-19 19:15:00,205.0
Amber,2013-03-26 16:50:00,2013-03-26 19:35:00,165.0
Amber,2013-04-05 08:40:00,2013-04-05 10:30:00,110.0
Amber,2013-04-06 00:00:00,2013-04-06 02:30:00,150.0
Amber,2013-04-25 19:30:00,2013-04-25 21:00:00,90.0
Amber,2013-04-30 14:20:00,2013-04-30 16:15:00,115.0
Amber,2013-05-08 21:45:00,2013-05-09 01:30:00,225.0
Amber,2013-05-16 13:35:00,2013-05-16 15:20:00,105.0
Amber,2013-05-20 20:10:00,2013-05-20 21:20:00,70.0
Amber,2013-05-21 11:10:00,2013-05-21 12:30:00,80.0
Amber,2013-05-22 01:30:00,2013-05-22 03:20:00,110.0
Red,2013-05-22 03:20:00,2013-05-22 04:10:00,50.0
Black,2013-05-22 04:10:00,2013-05-22 09:45:00,335.0
Amber,2013-05-22 09:45:00,2013-05-22 10:30:00,45.0
Amber,2013-05-25 10:05:00,2013-05-25 12:25:00,140.0
Amber,2013-06-11 02:10:00,2013-06-11 05:15:00,185.0
Amber,2013-06-11 10:50:00,2013-06-11 12:00:00,70.0
Amber,2013-06-24 06:15:00,2013-06-24 10:20:00,245.0
Red,2013-06-24 10:20:00,2013-06-24 11:35:00,75.0
Amber,2013-06-24 11:35:00,2013-06-24 12:00:00,25.0
Amber,2013-07-07 16:05:00,2013-07-07 17:15:00,70.0
Amber,2013-07-14 23:35:00,2013-07-15 01:05:00,90.0
Amber,2013-07-26 08:00:00,2013-07-26 10:30:00,150.0
Amber,2013-08-30 03:40:00,2013-08-30 05:15:00,95.0
Amber,2013-08-30 07:55:00,2013-08-30 09:20:00,85.0
Amber,2013-09-04 07:30:00,2013-09-04 11:00:00,210.0
Amber,2014-03-29 11:10:00,2014-03-29 12:20:00,70.0
Amber,2014-03-30 19:45:00,2014-03-30 20:15:00,30.0
Red,2014-03-30 20:15:00,2014-03-30 20:40:00,25.0
Black,2014-03-30 20:40:00,2014-03-30 22:30:00,110.0
Amber,2014-03-30 22:30:00,2014-03-31 01:50:00,200.0
Amber,2014-03-31 08:40:00,2014-03-31 11:40:00,180.0
Amber,2014-04-03 04:45:00,2014-04-03 06:00:00,75.0
Amber,2014-05-05 02:00:00,2014-05-05 03:45:00,105.0
Amber,2014-05-08 20:45:00,2014-05-08 22:05:00,80.0
Red,2014-05-08 22:05:00,2014-05-08 22:30:00,25.0
Black,2014-05-08 22:30:00,2014-05-08 23:40:00,70.0
Red,2014-05-08 23:40:00,2014-05-09 00:15:00,35.0
Amber,2014-05-09 00:15:00,2014-05-09 02:05:00,110.0
Amber,2014-05-09 08:30:00,2014-05-09 10:20:00,110.0
Amber,2014-05-09 20:50:00,2014-05-09 22:20:00,90.0
Amber,2014-05-11 07:55:00,2014-05-11 11:55:00,240.0
Amber,2014-05-11 14:15:00,2014-05-11 21:50:00,455.0
Red,2014-05-11 21:50:00,2014-05-11 23:55:00,125.0
Amber,2014-05-11 23:55:00,2014-05-12 03:55:00,240.0
Amber,2014-05-20 15:30:00,2014-05-20 17:15:00,105.0
Amber,2014-05-21 03:15:00,2014-05-21 06:40:00,205.0
Amber,2014-06-08 21:35:00,2014-06-08 22:00:00,25.0
Red,2014-06-08 22:00:00,2014-06-08 23:10:00,70.0
Amber,2014-06-08 23:10:00,2014-06-08 23:45:00,35.0
Amber,2014-06-21 08:30:00,2014-06-21 10:50:00,140.0
Amber,2014-06-22 01:20:00,2014-06-22 02:05:00,45.0
Red,2014-06-22 02:05:00,2014-06-22 05:05:00,180.0
Amber,2014-06-22 05:05:00,2014-06-22 06:25:00,80.0
Amber,2014-07-22 15:50:00,2014-07-22 17:00:00,70.0
Amber,2014-07-24 22:15:00,2014-07-24 23:15:00,60.0
Amber,2014-08-01 20:15:00,2014-08-01 21:45:00,90.0
Amber,2014-08-03 00:40:00,2014-08-03 01:15:00,35.0
Amber,2014-08-12 18:35:00,2014-08-12 19:15:00,40.0
Red,2014-08-12 19:15:00,2014-08-12 20:30:00,75.0
Amber,2014-08-13 05:25:00,2014-08-13 05:55:00,30.0
Red,2014-08-13 05:55:00,2014-08-13 07:15:00,80.0
Amber,2014-08-13 07:15:00,2014-08-13 08:50:00,95.0
Amber,2014-08-13 10:50:00,2014-08-13 11:25:00,35.0
Red,2014-08-13 11:25:00,2014-08-13 13:00:00,95.0
Amber,2014-08-13 13:00:00,2014-08-13 15:55:00,175.0
Amber,2014-08-20 05:00:00,2014-08-20 06:50:00,110.0
Amber,2014-10-01 01:55:00,2014-10-01 03:30:00,95.0
Amber,2014-10-03 20:05:00,2014-10-03 21:45:00,100.0
Amber,2015-05-11 17:25:00,2015-05-11 19:35:00,130.0
Amber,2015-05-20 16:45:00,2015-05-20 17:30:00,45.0
Red,2015-05-20 17:30:00,2015-05-20 19:40:00,130.0
Amber,2015-05-20 19:40:00,2015-05-21 03:00:00,440.0
Amber,2015-05-23 03:30:00,2015-05-23 07:20:00,230.0
Amber,2015-05-23 10:10:00,2015-05-23 11:05:00,55.0
Amber,2015-05-23 14:40:00,2015-05-23 16:05:00,85.0
Red,2015-05-23 16:05:00,2015-05-23 18:30:00,145.0
Amber,2015-05-23 18:30:00,2015-05-23 19:20:00,50.0
Amber,2015-05-24 16:30:00,2015-05-24 17:40:00,70.0
Amber,2015-05-26 09:40:00,2015-05-26 10:00:00,20.0
Red,2015-05-26 10:00:00,2015-05-26 10:25:00,25.0
Black,2015-05-26 10:25:00,2015-05-26 11:30:00,65.0
Amber,2015-05-26 11:30:00,2015-05-26 12:30:00,60.0
Amber,2015-06-12 03:00:00,2015-06-12 04:20:00,80.0
Amber,2015-07-21 07:05:00,2015-07-21 08:25:00,80.0
Amber,2015-07-22 03:35:00,2015-07-22 15:30:00,715.0
Amber,2015-08-09 19:30:00,2015-08-09 21:30:00,120.0
Amber,2015-08-15 06:45:00,2015-08-15 08:00:00,75.0
Red,2015-08-15 08:00:00,2015-08-15 10:25:00,145.0
Amber,2015-08-15 10:25:00,2015-08-15 11:00:00,35.0
Amber,2015-09-02 05:35:00,2015-09-02 06:50:00,75.0
Amber,2015-09-21 06:15:00,2015-09-21 09:25:00,190.0
Amber,2015-09-26 14:20:00,2015-09-26 15:40:00,80.0
Amber,2015-10-03 21:45:00,2015-10-04 00:25:00,160.0
Amber,2015-10-04 04:25:00,2015-10-04 05:45:00,80.0
Amber,2016-01-05 14:00:00,2016-01-05 14:45:00,45.0
Amber,2016-04-04 16:35:00,2016-04-04 19:25:00,170.0
Amber,2016-04-10 09:30:00,2016-04-10 11:40:00,130.0
Amber,2016-04-13 06:30:00,2016-04-13 12:00:00,330.0
Amber,2016-04-22 08:20:00,2016-04-22 09:45:00,85.0
Amber,2016-05-03 18:10:00,2016-05-03 20:55:00,165.0
Amber,2016-05-10 06:00:00,2016-05-10 07:35:00,95.0
Red,2016-05-10 07:35:00,2016-05-10 09:35:00,120.0
Amber,2016-05-10 09:35:00,2016-05-10 11:20:00,105.0
Red,2016-05-10 11:20:00,2016-05-10 13:45:00,145.0
Amber,2016-05-10 13:45:00,2016-05-10 14:45:00,60.0
Amber,2016-05-21 01:55:00,2016-05-21 06:15:00,260.0
Amber,2016-05-28 16:35:00,2016-05-28 18:40:00,125.0
Amber,2016-06-06 06:25:00,2016-06-06 07:45:00,80.0
Amber,2016-06-06 11:30:00,2016-06-06 14:45:00,195.0
Amber,2016-06-08 04:45:00,2016-06-08 06:00:00,75.0
Amber,2016-06-11 03:35:00,2016-06-11 07:45:00,250.0
Amber,2016-07-06 08:35:00,2016-07-06 10:50:00,135.0
Amber,2016-07-09 21:55:00,2016-07-09 23:10:00,75.0
Amber,2016-07-13 07:35:00,2016-07-13 09:15:00,100.0
Amber,2016-08-02 05:20:00,2016-08-02 10:45:00,325.0
Amber,2016-08-09 12:30:00,2016-08-09 13:30:00,60.0
Amber,2016-08-10 06:10:00,2016-08-10 06:55:00,45.0
Red,2016-08-10 06:55:00,2016-08-10 08:35:00,100.0
Amber,2016-08-10 08:35:00,2016-08-10 10:10:00,95.0
Amber,2016-08-21 02:20:00,2016-08-21 04:10:00,110.0
Amber,2016-08-28 00:05:00,2016-08-28 00:30:00,25.0
Red,2016-08-28 00:30:00,2016-08-28 02:20:00,110.0
Amber,2016-08-28 02:20:00,2016-08-28 03:30:00,70.0
Amber,2016-09-01 06:55:00,2016-09-01 07:45:00,50.0
Amber,2016-09-09 11:45:00,2016-09-09 13:20:00,95.0
Amber,2016-09-10 12:35:00,2016-09-10 13:55:00,80.0
Amber,2016-10-01 05:25:00,2016-10-01 05:55:00,30.0
Red,2016-10-01 05:55:00,2016-10-01 07:00:00,65.0
Amber,2016-10-01 07:00:00,2016-10-01 07:35:00,35.0
Amber,2016-10-18 15:25:00,2016-10-18 18:15:00,170.0
Amber,2016-10-19 13:00:00,2016-10-19 15:30:00,150.0
Red,2016-10-19 15:30:00,2016-10-19 16:00:00,30.0
Black,2016-10-19 16:00:00,2016-10-19 17:15:00,75.0
Red,2016-10-19 17:15:00,2016-10-19 18:15:00,60.0
Amber,2016-10-19 18:15:00,2016-10-19 19:30:00,75.0
Amber,2017-04-21 15:20:00,2017-04-21 17:00:00,100.0
Amber,2017-05-04 09:40:00,2017-05-04 12:10:00,150.0
Amber,2017-05-24 06:40:00,2017-05-24 09:15:00,155.0
Red,2017-05-24 09:15:00,2017-05-24 11:30:00,135.0
Black,2017-05-24 11:30:00,2017-05-24 12:30:00,60.0
Amber,2017-05-24 12:30:00,2017-05-24 15:00:00,150.0
Amber,2017-06-13 02:50:00,2017-06-13 08:45:00,355.0
Red,2017-06-13 08:45:00,2017-06-13 11:50:00,185.0
Amber,2017-06-13 11:50:00,2017-06-13 12:30:00,40.0
Amber,2017-06-17 01:50:00,2017-06-17 02:25:00,35.0
Red,2017-06-17 02:25:00,2017-06-17 04:05:00,100.0
Amber,2017-06-17 20:40:00,2017-06-17 22:15:00,95.0
Amber,2017-06-21 01:20:00,2017-06-21 02:45:00,85.0
Amber,2017-07-17 15:15:00,2017-07-17 19:15:00,240.0
Amber,2017-07-17 20:15:00,2017-07-17 20:45:00,30.0
Red,2017-07-17 20:45:00,2017-07-17 22:30:00,105.0
Amber,2017-07-17 22:30:00,2017-07-17 23:25:00,55.0
Amber,2017-07-18 08:20:00,2017-07-18 11:30:00,190.0
Amber,2017-07-18 16:20:00,2017-07-18 20:00:00,220.0
Amber,2017-07-18 22:45:00,2017-07-19 01:20:00,155.0
Amber,2017-07-23 22:30:00,2017-07-24 00:45:00,135.0
Amber,2017-08-03 05:05:00,2017-08-03 05:30:00,25.0
Red,2017-08-03 05:30:00,2017-08-03 07:05:00,95.0
Amber,2017-08-03 07:05:00,2017-08-03 07:45:00,40.0
Amber,2017-08-04 06:20:00,2017-08-04 08:20:00,120.0
Amber,2017-08-23 08:00:00,2017-08-23 12:10:00,250.0
Amber,2017-08-27 05:10:00,2017-08-27 14:10:00,540.0
Amber,2017-08-28 06:15:00,2017-08-28 08:55:00,160.0
Amber,2017-09-23 08:00:00,2017-09-23 08:50:00,50.0
Amber,2017-10-17 03:10:00,2017-10-17 04:20:00,70.0
Amber,2018-06-06 13:10:00,2018-06-06 14:50:00,100.0
Amber,2018-06-08 06:50:00,2018-06-08 11:30:00,280.0
Red,2018-06-08 11:30:00,2018-06-08 12:30:00,60.0
Amber,2018-06-08 12:30:00,2018-06-08 14:15:00,105.0
Amber,2018-06-13 02:10:00,2018-06-13 05:45:00,215.0
Amber,2018-06-13 15:00:00,2018-06-13 18:15:00,195.0
Amber,2018-06-22 12:15:00,2018-06-22 16:15:00,240.0
Amber,2018-06-23 11:15:00,2018-06-23 13:40:00,145.0
Amber,2018-07-02 12:15:00,2018-07-02 13:15:00,60.0
Amber,2018-07-15 12:35:00,2018-07-15 14:00:00,85.0
Amber,2018-08-10 16:15:00,2018-08-10 18:50:00,155.0
Amber,2018-08-11 07:15:00,2018-08-11 12:05:00,290.0
Amber,2018-08-12 05:15:00,2018-08-12 06:45:00,90.0
Amber,2018-08-17 10:20:00,2018-08-17 11:25:00,65.0
Amber,2018-08-19 06:25:00,2018-08-19 09:15:00,170.0
Amber,2018-08-20 05:10:00,2018-08-20 07:45:00,155.0
Amber,2018-08-22 18:10:00,2018-08-22 19:45:00,95.0
Amber,2018-08-26 22:15:00,2018-08-26 23:05:00,50.0
Red,2018-08-26 23:05:00,2018-08-27 00:45:00,100.0
Amber,2018-08-27 00:45:00,2018-08-27 01:45:00,60.0
Amber,2018-08-27 21:10:00,2018-08-28 02:20:00,310.0
Amber,2018-08-28 13:20:00,2018-08-28 14:45:00,85.0
Amber,2018-08-29 14:10:00,2018-08-29 18:40:00,270.0
Red,2018-08-29 18:40:00,2018-08-29 21:50:00,190.0
Amber,2018-08-29 21:50:00,2018-08-29 22:30:00,40.0
Amber,2018-09-01 12:55:00,2018-09-01 14:15:00,80.0
Amber,2018-09-02 07:40:00,2018-09-02 09:45:00,125.0
Amber,2018-09-16 09:10:00,2018-09-16 10:55:00,105.0
Red,2018-09-16 10:55:00,2018-09-16 18:50:00,475.0
Amber,2018-09-16 18:50:00,2018-09-16 22:30:00,220.0
Amber,2018-09-24 10:10:00,2018-09-24 12:00:00,110.0
Amber,2019-02-19 09:00:00,2019-02-19 10:10:00,70.0
Amber,2019-03-06 11:35:00,2019-03-06 15:20:00,225.0
Amber,2019-04-11 21:50:00,2019-04-11 23:45:00,115.0
Amber,2019-04-18 21:35:00,2019-04-18 22:35:00,60.0
Amber,2019-04-19 14:40:00,2019-04-19 19:10:00,270.0
Amber,2019-04-20 13:40:00,2019-04-20 14:20:00,40.0
Red,2019-04-20 14:20:00,2019-04-20 15:20:00,60.0
Amber,2019-04-20 15:20:00,2019-04-20 16:45:00,85.0
Amber,2019-04-27 16:00:00,2019-04-27 18:10:00,130.0
Amber,2019-05-20 22:05:00,2019-05-21 00:00:00,115.0
Amber,2019-05-21 20:15:00,2019-05-21 21:45:00,90.0
Amber,2019-05-26 10:40:00,2019-05-26 12:15:00,95.0
Amber,2019-05-27 05:00:00,2019-05-27 08:15:00,195.0
Amber,2019-05-28 10:15:00,2019-05-28 11:45:00,90.0
Amber,2019-06-01 02:50:00,2019-06-01 04:05:00,75.0
Amber,2019-06-04 09:05:00,2019-06-04 10:05:00,60.0
Amber,2019-06-11 05:25:00,2019-06-11 07:40:00,135.0
Amber,2019-06-13 08:45:00,2019-06-13 10:00:00,75.0
Amber,2019-06-13 14:30:00,2019-06-13 17:20:00,170.0
Amber,2019-06-14 00:45:00,2019-06-14 01:45:00,60.0
Amber,2019-06-25 16:15:00,2019-06-25 17:55:00,100.0
Amber,2019-07-03 00:45:00,2019-07-03 02:05:00,80.0
Amber,2019-07-19 14:05:00,2019-07-19 15:15:00,70.0
Amber,2019-07-19 18:45:00,2019-07-19 19:45:00,60.0
Amber,2019-07-20 12:10:00,2019-07-20 13:30:00,80.0
Amber,2019-07-31 11:55:00,2019-07-31 14:35:00,160.0
Amber,2019-07-31 17:30:00,2019-07-31 20:00:00,150.0
Red,2019-07-31 20:00:00,2019-07-31 21:30:00,90.0
Amber,2019-08-01 07:25:00,2019-08-01 21:00:00,815.0
Amber,2019-08-02 03:25:00,2019-08-02 04:40:00,75.0
Amber,2019-08-14 04:45:00,2019-08-14 06:10:00,85.0
Amber,2019-08-17 11:15:00,2019-08-17 12:30:00,75.0
Amber,2019-08-25 00:50:00,2019-08-25 02:40:00,110.0
Amber,2019-08-25 11:30:00,2019-08-25 14:45:00,195.0
Amber,2019-08-25 23:55:00,2019-08-26 00:40:00,45.0
Red,2019-08-26 00:40:00,2019-08-26 03:25:00,165.0
Amber,2019-08-26 03:25:00,2019-08-26 05:00:00,95.0
Amber,2019-09-02 12:25:00,2019-09-02 14:00:00,95.0
Amber,2019-10-06 23:00:00,2019-10-07 00:30:00,90.0
Amber,2019-10-14 03:15:00,2019-10-14 10:00:00,405.0
Amber,2020-02-13 10:10:00,2020-02-13 11:15:00,65.0
Amber,2020-03-18 10:45:00,2020-03-18 11:45:00,60.0
Amber,2020-05-11 21:25:00,2020-05-11 23:10:00,105.0
Amber,2020-05-18 10:10:00,2020-05-18 11:15:00,65.0
Amber,2020-05-21 01:10:00,2020-05-21 02:30:00,80.0
Red,2020-05-21 02:30:00,2020-05-21 04:30:00,120.0
Amber,2020-05-21 04:30:00,2020-05-21 05:15:00,45.0
Amber,2020-05-25 10:05:00,2020-05-25 10:35:00,30.0
Red,2020-05-25 10:35:00,2020-05-25 11:40:00,65.0
Amber,2020-05-25 11:40:00,2020-05-25 12:40:00,60.0
Amber,2020-05-30 04:30:00,2020-05-30 09:00:00,270.0
Red,2020-05-30 09:00:00,2020-05-30 10:25:00,85.0
Amber,2020-05-30 10:25:00,2020-05-30 12:05:00,100.0
Amber,2020-06-06 00:40:00,2020-06-06 01:30:00,50.0
Red,2020-06-06 01:30:00,2020-06-06 02:55:00,85.0
Black,2020-06-06 02:55:00,2020-06-06 05:40:00,165.0
Red,2020-06-06 05:40:00,2020-06-06 06:30:00,50.0
Amber,2020-06-06 06:30:00,2020-06-06 08:05:00,95.0
Amber,2020-06-07 06:20:00,2020-06-07 07:30:00,70.0
Red,2020-06-07 07:30:00,2020-06-07 11:00:00,210.0
Amber,2020-06-07 11:00:00,2020-06-07 12:35:00,95.0
Amber,2020-06-08 08:55:00,2020-06-08 11:15:00,140.0
Amber,2020-08-05 19:55:00,2020-08-06 00:40:00,285.0
Amber,2020-08-18 23:20:00,2020-08-19 10:50:00,690.0
Amber,2020-09-05 08:55:00,2020-09-05 09:55:00,60.0
Red,2020-09-05 09:55:00,2020-09-05 10:55:00,60.0
Amber,2020-09-05 10:55:00,2020-09-05 11:15:00,20.0
Amber,2020-09-08 04:25:00,2020-09-08 10:00:00,335.0
Amber,2020-09-12 14:10:00,2020-09-12 16:00:00,110.0
Amber,2020-09-12 21:30:00,2020-09-12 22:30:00,60.0
Amber,2020-09-15 12:10:00,2020-09-15 17:15:00,305.0
Amber,2020-09-21 14:30:00,2020-09-21 18:00:00,210.0
Red,2020-09-21 18:00:00,2020-09-21 20:10:00,130.0
Amber,2020-09-21 20:10:00,2020-09-21 21:40:00,90.0
Amber,2020-09-28 18:10:00,2020-09-28 19:40:00,90.0
Amber,2020-09-30 19:15:00,2020-09-30 19:50:00,35.0
Red,2020-09-30 19:50:00,2020-09-30 20:10:00,20.0
Black,2020-09-30 20:10:00,2020-09-30 21:25:00,75.0
Red,2020-09-30 21:25:00,2020-09-30 22:45:00,80.0
Amber,2020-09-30 22:45:00,2020-09-30 23:30:00,45.0
Amber,2020-10-05 07:25:00,2020-10-05 08:05:00,40.0
Red,2020-10-05 08:05:00,2020-10-05 09:05:00,60.0
Amber,2020-10-05 09:05:00,2020-10-05 09:30:00,25.0
Amber,2021-05-04 19:15:00,2021-05-04 21:45:00,150.0
Amber,2021-06-01 08:10:00,2021-06-01 09:35:00,85.0
Amber,2021-06-01 15:30:00,2021-06-01 17:15:00,105.0
Red,2021-06-01 17:15:00,2021-06-01 18:15:00,60.0
Amber,2021-06-01 18:15:00,2021-06-01 21:10:00,175.0
Amber,2021-06-11 20:25:00,2021-06-11 22:45:00,140.0
Amber,2021-06-22 06:50:00,2021-06-22 08:30:00,100.0
Amber,2021-06-23 14:10:00,2021-06-23 15:30:00,80.0
Amber,2021-06-24 07:00:00,2021-06-24 08:20:00,80.0
Amber,2021-06-24 13:30:00,2021-06-24 14:45:00,75.0
Amber,2021-06-26 06:00:00,2021-06-26 08:25:00,145.0
Amber,2021-06-28 05:05:00,2021-06-28 05:55:00,50.0
Red,2021-06-28 05:55:00,2021-06-28 08:20:00,145.0
Black,2021-06-28 08:20:00,2021-06-28 11:05:00,165.0
Red,2021-06-28 11:05:00,2021-06-28 11:45:00,40.0
Amber,2021-06-28 11:45:00,2021-06-28 12:30:00,45.0
Amber,2021-07-18 06:20:00,2021-07-18 07:45:00,85.0
Amber,2021-07-19 02:35:00,2021-07-19 03:50:00,75.0
Amber,2021-07-19 12:30:00,2021-07-19 14:05:00,95.0
Amber,2021-07-20 11:40:00,2021-07-20 15:40:00,240.0
Amber,2021-07-25 00:05:00,2021-07-25 03:00:00,175.0
Amber,2021-07-30 07:15:00,2021-07-30 08:40:00,85.0
Amber,2021-08-04 17:10:00,2021-08-04 22:15:00,305.0
Amber,2021-08-06 00:35:00,2021-08-06 01:30:00,55.0
Red,2021-08-06 01:30:00,2021-08-06 03:55:00,145.0
Amber,2021-08-06 03:55:00,2021-08-06 04:35:00,40.0
Amber,2021-08-09 00:40:00,2021-08-09 02:55:00,135.0
Amber,2021-08-29 10:05:00,2021-08-29 12:15:00,130.0
Amber,2021-10-07 23:20:00,2021-10-08 11:20:00,720.0
Red,2021-10-08 11:20:00,2021-10-08 11:45:00,25.0
Black,2021-10-08 11:45:00,2021-10-08 12:45:00,60.0
Red,2021-10-08 12:45:00,2021-10-08 17:45:00,300.0
Amber,2021-10-08 17:45:00,2021-10-08 19:25:00,100.0
Amber,2021-10-09 13:00:00,2021-10-09 21:05:00,485.0
Amber,2021-10-13 14:02:00,2021-10-13 17:10:00,188.0
Amber,2022-05-12 05:25:00,2022-05-12 06:40:00,75.0
Amber,2022-05-12 12:10:00,2022-05-12 22:45:00,635.0
Amber,2022-05-13 03:55:00,2022-05-13 04:25:00,30.0
Red,2022-05-13 04:25:00,2022-05-13 07:05:00,160.0
Amber,2022-05-13 07:05:00,2022-05-13 07:40:00,35.0
Amber,2022-05-13 19:05:00,2022-05-13 22:30:00,205.0
Amber,2022-06-07 03:45:00,2022-06-07 06:40:00,175.0
Amber,2022-06-07 19:35:00,2022-06-07 20:45:00,70.0
Amber,2022-06-08 09:45:00,2022-06-08 10:45:00,60.0
Red,2022-06-08 10:45:00,2022-06-08 16:15:00,330.0
Amber,2022-06-08 16:15:00,2022-06-08 17:15:00,60.0
Amber,2022-06-11 13:15:00,2022-06-11 15:30:00,135.0
Amber,2022-06-14 19:30:00,2022-06-14 20:45:00,75.0
Amber,2022-06-15 19:30:00,2022-06-15 21:40:00,130.0
Amber,2022-07-01 00:50:00,2022-07-01 02:10:00,80.0
Amber,2022-07-01 15:15:00,2022-07-01 17:15:00,120.0
Amber,2022-07-30 10:00:00,2022-07-30 11:30:00,90.0
Amber,2022-08-03 15:30:00,2022-08-03 17:00:00,90.0
Amber,2022-08-05 04:08:00,2022-08-05 09:30:00,322.0
Amber,2022-08-05 13:05:00,2022-08-05 17:35:00,270.0
Amber,2022-08-12 08:40:00,2022-08-12 12:15:00,215.0
Amber,2022-08-17 16:10:00,2022-08-17 18:15:00,125.0
Amber,2022-09-30 10:25:00,2022-09-30 14:15:00,230.0
Amber,2022-09-30 20:10:00,2022-09-30 21:10:00,60.0
Amber,2022-11-03 01:35:00,2022-11-03 02:35:00,60.0
Amber,2023-03-25 12:20:00,2023-03-25 15:20:00,180.0
Amber,2023-04-19 10:15:00,2023-04-19 12:15:00,120.0
Amber,2023-04-21 02:00:00,2023-04-21 06:30:00,270.0
Amber,2023-04-24 16:15:00,2023-04-24 17:15:00,60.0
Amber,2023-05-07 12:10:00,2023-05-07 13:35:00,85.0
Red,2023-05-07 13:35:00,2023-05-07 14:45:00,70.0
Amber,2023-05-07 14:45:00,2023-05-07 15:15:00,30.0
Amber,2023-05-17 11:10:00,2023-05-17 13:00:00,110.0
Amber,2023-05-23 04:30:00,2023-05-23 08:45:00,255.0
Amber,2023-06-01 05:15:00,2023-06-01 08:00:00,165.0
Amber,2023-06-06 10:20:00,2023-06-06 13:35:00,195.0
Amber,2023-06-10 20:00:00,2023-06-10 21:15:00,75.0
Amber,2023-06-13 22:50:00,2023-06-14 05:50:00,420.0
Amber,2023-06-14 23:10:00,2023-06-15 05:30:00,380.0
Amber,2023-06-16 09:40:00,2023-06-16 14:00:00,260.0
Amber,2023-06-17 12:40:00,2023-06-17 14:05:00,85.0
Red,2023-06-17 14:05:00,2023-06-17 16:15:00,130.0
Amber,2023-06-17 16:15:00,2023-06-17 17:05:00,50.0
Amber,2023-06-18 08:35:00,2023-06-18 10:05:00,90.0
Amber,2023-07-17 17:50:00,2023-07-17 19:30:00,100.0
Amber,2023-07-29 08:10:00,2023-07-29 09:10:00,60.0
Red,2023-07-29 09:10:00,2023-07-29 10:10:00,60.0
Amber,2023-07-29 10:10:00,2023-07-29 10:40:00,30.0
Amber,2023-07-29 22:45:00,2023-07-30 00:30:00,105.0
Amber,2023-07-31 01:00:00,2023-07-31 03:20:00,140.0
Amber,2023-08-10 13:10:00,2023-08-10 15:45:00,155.0
Amber,2023-08-11 01:30:00,2023-08-11 03:30:00,120.0
Amber,2023-08-13 10:05:00,2023-08-13 11:15:00,70.0
Amber,2023-08-18 10:30:00,2023-08-18 13:00:00,150.0
Amber,2023-08-19 11:55:00,2023-08-19 13:40:00,105.0
Amber,2023-09-01 19:45:00,2023-09-02 01:00:00,315.0
Amber,2023-09-07 21:25:00,2023-09-07 21:50:00,25.0
Red,2023-09-07 21:50:00,2023-09-07 23:05:00,75.0
Black,2023-09-07 23:05:00,2023-09-08 15:40:00,995.0
Amber,2023-09-08 15:40:00,2023-09-08 16:45:00,65.0
Amber,2023-09-10 06:25:00,2023-09-10 08:55:00,150.0
Amber,2023-09-14 03:55:00,2023-09-14 05:55:00,120.0
Red,2023-09-14 05:55:00,2023-09-14 10:30:00,275.0
Amber,2023-09-14 10:30:00,2023-09-14 11:45:00,75.0
Amber,2023-09-15 19:55:00,2023-09-15 20:40:00,45.0
Red,2023-09-15 20:40:00,2023-09-15 22:00:00,80.0
Amber,2023-09-15 22:00:00,2023-09-15 23:45:00,105.0
Amber,2023-10-08 20:25:00,2023-10-09 01:55:00,330.0
Red,2023-10-09 01:55:00,2023-10-09 04:00:00,125.0
Black,2023-10-09 04:00:00,2023-10-09 10:30:00,390.0
Red,2023-10-09 10:30:00,2023-10-09 14:30:00,240.0
Amber,2023-10-09 14:30:00,2023-10-09 17:45:00,195.0
Amber,2024-04-18 13:00:00,2024-04-18 14:05:00,65.0
Amber,2024-04-20 19:35:00,2024-04-20 22:30:00,175.0
Amber,2024-04-21 10:00:00,2024-04-21 13:45:00,225.0
Amber,2024-04-23 08:30:00,2024-04-23 12:50:00,260.0
Amber,2024-04-26 08:35:00,2024-04-26 13:45:00,310.0
Amber,2024-04-30 21:30:00,2024-04-30 23:00:00,90.0
Amber,2024-05-01 04:15:00,2024-05-01 07:00:00,165.0
Amber,2024-05-04 07:40:00,2024-05-04 08:55:00,75.0
Red,2024-05-04 08:55:00,2024-05-04 15:50:00,415.0
Amber,2024-05-04 15:50:00,2024-05-04 20:45:00,295.0
Amber,2024-05-21 10:00:00,2024-05-21 14:50:00,290.0
Red,2024-05-21 14:50:00,2024-05-21 16:00:00,70.0
Amber,2024-05-21 16:00:00,2024-05-21 16:30:00,30.0
Amber,2024-05-24 12:10:00,2024-05-24 13:20:00,70.0
Amber,2024-05-27 07:50:00,2024-05-27 09:00:00,70.0
Amber,2024-05-28 00:20:00,2024-05-28 02:15:00,115.0
Amber,2024-05-31 15:30:00,2024-05-31 17:00:00,90.0
Amber,2024-06-01 03:25:00,2024-06-01 05:40:00,135.0
Amber,2024-06-03 10:10:00,2024-06-03 13:00:00,170.0
Amber,2024-06-09 07:15:00,2024-06-09 12:10:00,295.0
Amber,2024-06-14 09:25:00,2024-06-14 10:00:00,35.0
Red,2024-06-14 10:00:00,2024-06-14 11:30:00,90.0
Amber,2024-06-14 11:30:00,2024-06-14 13:10:00,100.0
Amber,2024-06-15 06:00:00,2024-06-15 08:10:00,130.0
Amber,2024-06-15 12:55:00,2024-06-15 16:30:00,215.0
Amber,2024-06-15 17:50:00,2024-06-15 19:45:00,115.0
Amber,2024-07-14 19:00:00,2024-07-14 21:35:00,155.0
Amber,2024-07-16 05:35:00,2024-07-16 07:25:00,110.0
Amber,2024-07-18 13:45:00,2024-07-18 16:00:00,135.0
Amber,2024-07-27 09:00:00,2024-07-27 12:50:00,230.0
Amber,2024-07-28 05:50:00,2024-07-28 10:40:00,290.0
Amber,2024-07-31 07:35:00,2024-07-31 10:45:00,190.0
Amber,2024-08-06 13:45:00,2024-08-06 14:45:00,60.0
Amber,2024-08-12 07:55:00,2024-08-12 10:00:00,125.0
Amber,2024-08-15 11:40:00,2024-08-15 12:40:00,60.0
Amber,2024-08-17 05:35:00,2024-08-17 10:55:00,320.0
Amber,2024-08-18 06:05:00,2024-08-18 09:00:00,175.0
Amber,2024-08-19 13:35:00,2024-08-19 15:00:00,85.0
Amber,2024-08-20 05:45:00,2024-08-20 06:45:00,60.0
Amber,2024-08-28 16:50:00,2024-08-28 19:00:00,130.0
Amber,2024-09-03 22:25:00,2024-09-03 23:50:00,85.0
Amber,2024-09-05 21:30:00,2024-09-05 23:40:00,130.0
Amber,2024-09-06 02:35:00,2024-09-06 04:25:00,110.0
Amber,2024-09-06 19:15:00,2024-09-07 00:50:00,335.0
Amber,2024-09-17 21:50:00,2024-09-17 23:50:00,120.0
Amber,2024-09-21 11:45:00,2024-09-21 12:05:00,20.0
Red,2024-09-21 12:05:00,2024-09-21 13:20:00,75.0
Amber,2024-09-21 13:20:00,2024-09-21 13:55:00,35.0
Amber,2024-09-24 11:10:00,2024-09-24 13:45:00,155.0
Amber,2025-03-15 15:00:00,2025-03-15 16:35:00,95.0
Amber,2025-04-25 04:00:00,2025-04-25 05:15:00,75.0
Amber,2025-05-07 13:22:00,2025-05-07 14:25:00,63.0
Amber,2025-05-29 16:25:00,2025-05-29 18:45:00,140.0
Amber,2025-06-17 07:30:00,2025-06-17 10:20:00,170.0
Amber,2025-06-26 17:05:00,2025-06-26 19:05:00,120.0
Amber,2025-06-28 00:55:00,2025-06-28 01:55:00,60.0
Amber,2025-06-30 23:55:00,2025-07-01 01:10:00,75.0
Amber,2025-07-09 23:00:00,2025-07-09 23:45:00,45.0
Red,2025-07-09 23:45:00,2025-07-10 00:45:00,60.0
Amber,2025-07-10 00:45:00,2025-07-10 01:40:00,55.0
Amber,2025-07-10 08:35:00,2025-07-10 09:36:00,61.0
Red,2025-07-10 09:36:00,2025-07-10 10:40:00,64.0
Amber,2025-07-10 10:40:00,2025-07-10 12:40:00,120.0
Red,2025-07-10 12:40:00,2025-07-10 15:30:00,170.0
Amber,2025-07-10 15:30:00,2025-07-10 20:00:00,270.0
Amber,2025-07-18 11:15:00,2025-07-18 13:00:00,105.0
Amber,2025-07-20 15:10:00,2025-07-20 15:45:00,35.0
Red,2025-07-20 15:45:00,2025-07-20 17:00:00,75.0
Amber,2025-07-20 17:00:00,2025-07-20 18:15:00,75.0
Amber,2025-07-22 20:00:00,2025-07-22 23:45:00,225.0
Amber,2025-07-25 19:10:00,2025-07-25 19:40:00,30.0
Red,2025-07-25 19:40:00,2025-07-25 20:40:00,60.0
Amber,2025-07-25 20:40:00,2025-07-25 21:10:00,30.0
Amber,2025-07-29 08:05:00,2025-07-29 08:40:00,35.0
Red,2025-07-29 08:40:00,2025-07-29 09:10:00,30.0
Black,2025-07-29 09:10:00,2025-07-29 11:05:00,115.0
Red,2025-07-29 11:05:00,2025-07-29 11:45:00,40.0
Amber,2025-07-29 11:45:00,2025-07-29 14:15:00,150.0
Amber,2025-08-02 06:50:00,2025-08-02 09:10:00,140.0
Red,2025-08-02 09:10:00,2025-08-02 09:45:00,35.0
Black,2025-08-02 09:45:00,2025-08-02 11:45:00,120.0
Red,2025-08-02 11:45:00,2025-08-02 12:30:00,45.0
Amber,2025-08-02 12:30:00,2025-08-02 16:00:00,210.0
Amber,2025-08-02 22:35:00,2025-08-03 01:15:00,160.0
Amber,2025-08-03 05:45:00,2025-08-03 07:45:00,120.0
Amber,2025-08-03 11:20:00,2025-08-03 12:30:00,70.0
Amber,2025-08-04 06:30:00,2025-08-04 09:00:00,150.0
Amber,2025-08-04 10:25:00,2025-08-04 12:20:00,115.0
Red,2025-08-04 12:20:00,2025-08-04 13:25:00,65.0
Amber,2025-08-04 13:25:00,2025-08-04 15:15:00,110.0
Amber,2025-08-04 21:45:00,2025-08-04 22:35:00,50.0
Red,2025-08-04 22:35:00,2025-08-04 23:45:00,70.0
Black,2025-08-04 23:45:00,2025-08-05 02:10:00,145.0
Red,2025-08-05 02:10:00,2025-08-05 03:00:00,50.0
Amber,2025-08-05 03:00:00,2025-08-05 05:20:00,140.0
Red,2025-08-05 05:20:00,2025-08-05 05:50:00,30.0
Black,2025-08-05 05:50:00,2025-08-05 17:05:00,675.0
Amber,2025-08-05 17:05:00,2025-08-05 18:15:00,70.0
Amber,2025-08-05 22:55:00,2025-08-06 00:30:00,95.0
Amber,2025-08-06 11:45:00,2025-08-06 13:30:00,105.0
Amber,2025-08-14 05:22:00,2025-08-14 06:35:00,73.0
Red,2025-08-14 06:35:00,2025-08-14 07:50:00,75.0
Black,2025-08-14 07:50:00,2025-08-14 11:10:00,200.0
Red,2025-08-14 11:10:00,2025-08-14 12:10:00,60.0
Amber,2025-08-14 12:10:00,2025-08-14 15:55:00,225.0
Amber,2025-08-18 00:30:00,2025-08-18 01:15:00,45.0
Red,2025-08-18 01:15:00,2025-08-18 06:05:00,290.0
Amber,2025-08-18 06:05:00,2025-08-18 07:20:00,75.0
Amber,2025-08-18 10:20:00,2025-08-18 11:45:00,85.0
Amber,2025-08-19 09:41:00,2025-08-19 11:15:00,94.0
Amber,2025-09-08 04:55:00,2025-09-08 11:35:00,400.0
Amber,2025-09-17 06:00:00,2025-09-17 07:00:00,60.0
Amber,2025-09-20 04:05:00,2025-09-20 15:10:00,665.0
Amber,2025-09-21 09:10:00,2025-09-21 17:30:00,500.0
Amber,2025-09-24 02:45:00,2025-09-24 11:50:00,545.0
Amber,2025-09-24 15:20:00,2025-09-24 20:00:00,280.0
Amber,2026-03-02 19:50:00,2026-03-02 22:15:00,145.0
Amber,2026-03-03 23:25:00,2026-03-04 01:55:00,150.0
Amber,2026-03-30 10:00:00,2026-03-30 11:00:00,60.0
Amber,2026-04-04 11:00:00,2026-04-04 13:40:00,160.0
Amber,2026-04-05 14:05:00,2026-04-05 17:40:00,215.0
Amber,2026-04-17 16:35:00,2026-04-17 19:00:00,145.0
Amber,2026-04-29 01:45:00,2026-04-29 03:45:00,120.0
Amber,2026-04-29 11:35:00,2026-04-29 12:45:00,70.0
Amber,2026-05-03 14:20:00,2026-05-03 17:50:00,210.0
Amber,2026-05-09 00:26:00,2026-05-09 04:10:00,224.0
Amber,2026-05-19 12:35:00,2026-05-19 14:00:00,85.0
Amber,2026-05-20 21:00:00,2026-05-21 02:40:00,340.0
Red,2026-05-21 02:40:00,2026-05-21 05:15:00,155.0
Amber,2026-05-21 05:15:00,2026-05-21 09:30:00,255.0
Amber,2026-05-29 22:00:00,2026-05-29 23:30:00,90.0
Amber,2026-06-06 10:00:00,2026-06-06 11:30:00,90.0
Amber,2026-06-06 18:45:00,2026-06-06 19:55:00,70.0
Red,2026-06-06 19:55:00,2026-06-06 20:55:00,60.0
Amber,2026-06-06 20:55:00,2026-06-06 21:30:00,35.0
Amber,2026-06-07 15:00:00,2026-06-07 16:00:00,60.0
Amber,2026-06-08 00:45:00,2026-06-08 01:15:00,30.0
Red,2026-06-08 01:15:00,2026-06-08 03:50:00,155.0
Amber,2026-06-08 03:50:00,2026-06-08 05:00:00,70.0
Amber,2026-06-08 19:20:00,2026-06-08 19:50:00,30.0
Red,2026-06-08 19:50:00,2026-06-08 20:35:00,45.0
Black,2026-06-08 20:35:00,2026-06-08 21:35:00,60.0
Red,2026-06-08 21:35:00,2026-06-08 22:05:00,30.0
Amber,2026-06-08 22:05:00,2026-06-08 22:45:00,40.0
Amber,2026-06-13 05:00:00,2026-06-13 08:45:00,225.0
Amber,2026-06-13 14:15:00,2026-06-13 15:40:00,85.0
Amber,2026-06-14 21:40:00,2026-06-15 06:20:00,520.0
Amber,2026-06-15 11:10:00,2026-06-15 20:20:00,550.0
Amber,2026-06-16 18:15:00,2026-06-16 21:55:00,220.0
Amber,2026-06-18 05:40:00,2026-06-18 09:25:00,225.0
Amber,2026-06-18 11:15:00,2026-06-18 12:10:00,55.0
Red,2026-06-18 12:10:00,2026-06-18 12:55:00,45.0
Black,2026-06-18 12:55:00,2026-06-18 15:05:00,130.0
Red,2026-06-18 15:05:00,2026-06-18 15:40:00,35.0
Amber,2026-06-18 15:40:00,2026-06-18 18:10:00,150.0
Red,2026-06-18 18:10:00,2026-06-18 18:35:00,25.0
Black,2026-06-18 18:35:00,2026-06-18 20:30:00,115.0
Red,2026-06-18 20:30:00,2026-06-18 21:05:00,35.0
Amber,2026-06-18 21:05:00,2026-06-18 22:25:00,80.0
Amber,2026-06-26 11:50:00,2026-06-26 12:15:00,25.0
Red,2026-06-26 12:15:00,2026-06-26 13:20:00,65.0
Amber,2026-06-26 13:20:00,2026-06-26 14:00:00,40.0
Amber,2026-06-28 11:10:00,2026-06-28 14:35:00,205.0
Amber,2026-07-03 14:10:00,2026-07-03 16:10:00,120.0
Amber,2026-07-04 14:00:00,2026-07-04 15:15:00,75.0
Amber,2026-07-06 19:05:00,2026-07-06 21:45:00,160.0
Red,2026-07-06 21:45:00,2026-07-06 22:45:00,60.0
Amber,2026-07-07 05:30:00,2026-07-07 11:55:00,385.0
Amber,2026-07-07 19:40:00,2026-07-07 22:35:00,175.0
Amber,2026-07-15 10:05:00,2026-07-15 15:25:00,320.0
Amber,2026-07-16 07:15:00,2026-07-16 07:40:00,25.0
Red,2026-07-16 07:40:00,2026-07-16 09:25:00,105.0
Amber,2026-07-16 09:25:00,2026-07-16 10:20:00,55.0
Amber,2026-07-17 00:25:00,2026-07-17 02:15:00,110.0
Amber,2026-07-17 09:50:00,2026-07-17 13:00:00,190.0
Amber,2026-07-18 04:20:00,2026-07-18 06:40:00,140.0
Amber,2026-07-20 07:10:00,2026-07-20 08:05:00,55.0
Red,2026-07-20 08:05:00,2026-07-20 09:30:00,85.0
Amber,2026-07-20 09:30:00,2026-07-20 14:10:00,280.0
Amber,2026-07-26 05:00:00,2026-07-26 10:05:00,305.0
Amber,2026-07-26 15:45:00,2026-07-26 18:45:00,180.0
Amber,2026-07-27 05:30:00,2026-07-27 05:55:00,25.0
Red,2026-07-27 05:55:00,2026-07-27 07:45:00,110.0
Amber,2026-07-27 07:45:00,2026-07-27 09:15:00,90.0
Amber,2026-07-28 07:15:00,2026-07-28 10:45:00,210.0
Amber,2026-07-31 10:20:00,2026-07-31 11:05:00,45.0
Red,2026-07-31 11:05:00,2026-07-31 14:10:00,185.0
Amber,2026-07-31 14:10:00,2026-07-31 15:05:00,55.0
Amber,2026-08-02 06:10:00,2026-08-02 13:00:00,410.0
Amber,2026-08-03 06:40:00,2026-08-03 08:45:00,125.0
Amber,2026-08-14 08:40:00,2026-08-14 11:40:00,180.0
Amber,2026-08-15 02:35:00,2026-08-15 05:05:00,150.0
Amber,2026-08-26 18:45:00,2026-08-26 20:40:00,115.0
Amber,2026-08-27 00:00:00,2026-08-27 02:00:00,120.0
Amber,2026-08-27 04:30:00,2026-08-27 05:05:00,35.0
Red,2026-08-27 05:05:00,2026-08-27 09:20:00,255.0
Amber,2026-08-27 09:20:00,2026-08-27 10:15:00,55.0
Amber,2026-08-31 12:25:00,2026-08-31 14:05:00,100.0
